[{"summoner_id":80104,"summoner_name":"惩击","summoner_rank":"LV.1解锁","summoner_description":"30秒CD：对身边的野怪和小兵造成真实伤害并眩晕1秒"},{"summoner_id":80108,"summoner_name":"终结","summoner_rank":"LV.3解锁","summoner_description":"90秒CD：立即对身边敌军英雄造成其已损失生命值14%的真实伤害"},{"summoner_id":80110,"summoner_name":"狂暴","summoner_rank":"LV.5解锁","summoner_description":"60秒CD：增加攻击速度60%，并增加物理攻击力10%持续5秒"},{"summoner_id":80109,"summoner_name":"疾跑","summoner_rank":"LV.7解锁","summoner_description":"100秒CD：增加30%移动速度持续10秒"},{"summoner_id":80102,"summoner_name":"治疗术","summoner_rank":"LV.9解锁","summoner_description":"120秒CD：回复自己与附近队友15%生命值，提高附近友军移动速度15%持续2秒"},{"summoner_id":80105,"summoner_name":"干扰","summoner_rank":"LV.11解锁","summoner_description":"60秒CD：沉默机关持续5秒"},{"summoner_id":80103,"summoner_name":"晕眩","summoner_rank":"LV.13解锁","summoner_description":"90秒CD：晕眩身边所有敌人0.75秒，并附带持续1秒的减速效果"},{"summoner_id":80107,"summoner_name":"净化","summoner_rank":"LV.15解锁","summoner_description":"120秒CD：解除自身所有负面和控制效果并免疫控制持续1.5秒"},{"summoner_id":80121,"summoner_name":"弱化","summoner_rank":"LV.17解锁","summoner_description":"90秒CD：减少身边敌人伤害输出50%持续3秒。"},{"summoner_id":80115,"summoner_name":"闪现","summoner_rank":"LV.19解锁","summoner_description":"120秒CD：向指定方向位移一段距离"}]